"","generations","abundance"
"1",1,2500
"2",2,3437.5
"3",3,4565.4296875
"4",4,5805.98711967468
"5",5,7023.50635782061
"6",6,8068.77745881359
"7",7,8847.90770422747
"8",8,9357.58801921481
"9",9,9658.15935195459
"10",10,9823.23692454449
"11",11,9910.05620303002
"12",12,9954.62360718434
